WOJEWÓDZTWO,KOD STARY,KOD NOWY,NAZWA STACJI,MIEJSCOWOSC,ID,DOSTEPNOSC
DOLNOŚLĄSKIE,DsBogatMob,DsBogatFrancMOB,Bogatynia Mobil,Bogatynia,20000,False
DOLNOŚLĄSKIE,DsCzer02,DsCzerStraza,Czerniawa,Czerniawa,20001,False
DOLNOŚLĄSKIE,DsDzia01,DsDzialoszyn,Działoszyn,Działoszyn,14,True
DOLNOŚLĄSKIE,DsDzierPilsA,DsDziePilsud,Dzierżoniów - Piłsudskiego,Dzierżoniów,16,True
DOLNOŚLĄSKIE,DsGlogWita,DsGlogWiStwo,Głogów - Wita Stwosza,Głogów,20004,False
DOLNOŚLĄSKIE,DsJeleniaGoraA,DsJelGorOgin,Jelenia Góra - Ogińskiego,Jelenia Góra,9153,True
DOLNOŚLĄSKIE,DsJeleniaGoraPM,DsJelGorSoko,Jelenia Góra - Sokoliki,Jelenia Góra,20006,False
DOLNOŚLĄSKIE,DsKlodzkoA,DsKlodzSzkol,Kłodzko - Szkolna,Kłodzko,38,True
DOLNOŚLĄSKIE,DsLegRzeczA,DsLegAlRzecz,Legnica - Rzeczypospolitej,Legnica,52,True
DOLNOŚLĄSKIE,DsNRudaSrebP,DsNowRudSreb,Nowa Ruda - Srebrna,Nowa Ruda,20009,False
DOLNOŚLĄSKIE,DsOlawaSemi,DsOlawZolnAK,Oława - Żołnierzy AK,Oława,70,True
DOLNOŚLĄSKIE,DsOlesnicaPM,DsOlesBrzozo,Oleśnica - Brzozowa,Oleśnica,20011,False
DOLNOŚLĄSKIE,DsOsieczow,DsOsieczow21,Osieczów,Osieczów,74,True
DOLNOŚLĄSKIE,DsPolkKasz,DsPolKasztan,Polkowice - Kasztanowa,Polkowice,20013,False
DOLNOŚLĄSKIE,DsSniezka,DsSniezkaObs,Śnieżka,Karpacz,84,True
DOLNOŚLĄSKIE,DsSwidMob,DsSwidnMarciMOB,Świdnica - Marcinkowskiego,Świdnica,20015,False
DOLNOŚLĄSKIE,DsSwidRynek,DsSwidnRynek,Świdnica - Rynek,Świdnica,20016,False
DOLNOŚLĄSKIE,DsSzczDZPM,DsSzczaKolej,Szczawno-Zdrój - Kolejowa,Szczawno-Zdrój,20017,False
DOLNOŚLĄSKIE,DsWalbWysA,DsWalbrzWyso,Wałbrzych - Wysockiego,Wałbrzych,109,True
DOLNOŚLĄSKIE,DsWrocWisA,DsWrocAlWisn,Wrocław - Wiśniowa,Wrocław,129,True
DOLNOŚLĄSKIE,DsWrocBartA,DsWrocBartni,Wrocław - Bartnicza,Wrocław,114,True
DOLNOŚLĄSKIE,DsWrocGrobla,DsWrocNaGrob,Wrocław - Na Grobli,Wrocław,20021,False
DOLNOŚLĄSKIE,DsWrocOrzech,DsWrocOrzech,Wrocław - Orzechowa,Wrocław,20022,False
DOLNOŚLĄSKIE,DsWrocKorzA,DsWrocWybCon,Wrocław - Korzeniowskiego,Wrocław,117,True
DOLNOŚLĄSKIE,DsZabkowSemi,DsZabkPowWar,Ząbkowice Śląskie,Ząbkowice Śląskie,132,True
DOLNOŚLĄSKIE,DsZgorzBohA,DsZgorBohGet,Zgorzelec - Bohaterów Getta,Zgorzelec,134,True
DOLNOŚLĄSKIE,DsZlotoryjaPM,DsZlotoStasz,Złotoryja - Staszica,Złotoryja,20026,False
KUJAWSKO-POMORSKIE,KpBrodnicaKochanowskiego,KpBrodKochan,"Brodnica, Kochanowskiego",Brodnica,20027,False
KUJAWSKO-POMORSKIE,KpBydgBerlinga,KpBydBerling,"Bydgoszcz, ul. Berlinga",Bydgoszcz,20028,False
KUJAWSKO-POMORSKIE,KpBydgPlPozn,KpBydPlPozna,Bydgoszcz Plac Poznański,Bydgoszcz,156,True
KUJAWSKO-POMORSKIE,KpBydgWarszawska,KpBydWarszaw,Warszawska,Bydgoszcz,20030,False
KUJAWSKO-POMORSKIE,KpCiechoTezniowa,KpCiechTezni,Ciechocinek,Ciechocinek,164,True
KUJAWSKO-POMORSKIE,KpAirpGrudz,KpGrudPilsud,Grudziądz Airpointer,Grudziądz,142,True
KUJAWSKO-POMORSKIE,KpGrudzStar,KpGrudSienki,Grudziądz Starówka,Grudziądz,20033,False
KUJAWSKO-POMORSKIE,KpAirpInowr,KpInowSolank,Inowrocław Airpointer,Inowrocław,143,True
KUJAWSKO-POMORSKIE,KpKoniczZMSP,KpKoniczynka,Koniczynka,Koniczynka,190,True
KUJAWSKO-POMORSKIE,KpNakloPiotraSkargi,KpNaklSkargi,Nakło Piotra Skargi,Nakło nad Notecią,20036,False
KUJAWSKO-POMORSKIE,KpTorunDziewulsk,KpToruDziewu,Toruń POLICJA,Toruń,206,True
KUJAWSKO-POMORSKIE,KpTorunKaszownik,KpToruKaszow,"Toruń, KASZOWNIK",Toruń,208,True
KUJAWSKO-POMORSKIE,KpAirpTorunIMGW,KpToruStorczMOB,"Toruń, ul. Storczykowa",Toruń,20039,False
KUJAWSKO-POMORSKIE,KpTorunRubITALTEL,KpToruSzLubi,"Toruń, ""RUBINKOWO - ITALTEL""",Toruń,20040,False
KUJAWSKO-POMORSKIE,KpAirpTorun,KpToruWSikor,Toruń Airpointer,Toruń,145,True
KUJAWSKO-POMORSKIE,KpAirpWieniec,KpWieniecZdrMOB,"Wieniec Zdrój, ul. Brzozowa",Wieniec Zdrój,20042,False
KUJAWSKO-POMORSKIE,KpAirpWiktorowo,KpWiktorowoG,Lafarge- Airpointer,Wiktorowo,20043,False
KUJAWSKO-POMORSKIE,KpAirpWlocWod,KpWloclChelmMOB,Airpointer Włocławek,Włocławek,20044,False
KUJAWSKO-POMORSKIE,KpWloclOkrzei,KpWloclOkrze,Włocławek OKRZEI,Włocławek,225,True
KUJAWSKO-POMORSKIE,KpWloclSielska,KpWloclSiels,"Włocławek ""Sielska DMD""",Włocławek,20046,False
KUJAWSKO-POMORSKIE,KpZielBoryTuch,KpZielBoryTu,Bory Tucholskie,Zielonka,232,True
KUJAWSKO-POMORSKIE,KpZninPotockiego,KpZninPotock,Żnin Starostwo Potockiego,Żnin,20048,False
LUBELSKIE,LbBialaPOrzechowa,LbBiaPodOrze,WIOŚ-DBP-Orzechowa,Biała Podlaska,20049,False
LUBELSKIE,LbBialySlupRPN_Auto,LbBiaSlupRPN,Biały Słup Automat,Biały Słup,20050,False
LUBELSKIE,LbChelmJagWIOS,LbChelJagiel,Chełm ul. Jagiellońska,Chełm,20051,False
LUBELSKIE,LbJarczew,LbJarczWolaM,IMGW-Jarczew,Jarczew,248,True
LUBELSKIE,LbKrasnikKoszarowa,LbKrasKoszar,Kraśnik ul. Koszarowa 10A,Kraśnik,20053,False
LUBELSKIE,LbLublinWIOS,LbLubObywate,Lublin ul. Obywatelska,Lublin,266,True
LUBELSKIE,LbLublin_Sliwins_5,LbLubSliwins,Lublin Ul. Śliwińskiego 5,Lublin,20055,False
LUBELSKIE,LbPulawySkowieszynska,LbPulaSkowie,Puławy ul. Skowieszyńska,Puławy,20057,False
LUBELSKIE,LbRadzyPSitkowskiego,LbRadzPodSit,WIOŚ-RadzyńP-Sitkowskiego,Radzyń Podlaski,20058,False
LUBELSKIE,LbWilczopole,LbWilczopole,Lublin-Podmiejska,Wilczopole,282,True
LUBELSKIE,LbZamoscHrubieszowsk,LbZamoHrubie,Zamość ul. Hrubieszowska 69A,Zamość,285,True
ŁÓDZKIE,LdBrzeziWIOSMReforma,LdBrzeReform,Brzeziny-Reformacka1,Brzeziny,20061,False
ŁÓDZKIE,LdGajewWIOSAGajew,LdGajewUjWod,Gajew,Gajew,291,True
ŁÓDZKIE,LdKutnoWIOSMKoscius,LdKutnKosciu,Kutno-Kościuszki 26,Kutno,20063,False
ŁÓDZKIE,LdLodzPalki,LdLodzAlPalk,Łódź-Al. Palki/Telefoniczna,Łódź,20064,False
ŁÓDZKIE,LdLodzWIOSACzernik,LdLodzCzerni,Łódź-Widzew,Łódź,295,True
ŁÓDZKIE,LdLodzWIOSAGdanska,LdLodzGdansk,Łódź-Gdańska 16,Łódź,296,True
ŁÓDZKIE,LdLodzWIOSAKilinsk,LdLodzKilins,Łódź-Kilińskiego 102/102a,Łódź,20067,False
ŁÓDZKIE,LdLodzWSSEMLegiono,LdLodzLegion,Łódź-Legionów 1,Łódź,20068,False
ŁÓDZKIE,LdLodzWIOSALipowa,LdLodzLipowa,Łódź-Lipowa,Łódź,20069,False
ŁÓDZKIE,LdLodzWSSEMRudzka,LdLodzRudzka,Łódź-Rudzka60,Łódź,20070,False
ŁÓDZKIE,LdLodzWIOSAZachodn,LdLodzZachod,Łódź-Zachodnia 40,Łódź,20071,False
ŁÓDZKIE,LdLowSienkie,LdLowiczSien,Łowicz-Henryka Sienkiewicza 62,Łowicz,20072,False
ŁÓDZKIE,LdOpocznWIOSMPlKosci,LdOpocPlKosc,Opoczno-Pl Kościuszki 15,Opoczno,20073,False
ŁÓDZKIE,LdPabianWIOSMKilinsk,LdPabiKilins,Pabianice-Kilińskiego 4,Pabianice,20074,False
ŁÓDZKIE,LdPabianWIOSAKonstan,LdPabiKonsta,Pabianice-Polfa,Pabianice,314,True
ŁÓDZKIE,LdParzniWIOSAParznie,LdParzniUjWo,Parzniewice,Parzniewice,319,True
ŁÓDZKIE,LdPiotrkWIOSAKrakPrz,LdPioTrKraPr,Piotrków Tryb.-Krakowskie Przedmieście,Piotrków Trybunalski,322,True
ŁÓDZKIE,LdPiotrkWIOSMSienkie,LdPioTrSienk,PiotrkówTryb.-Sienkiewicza 16,Piotrków Trybunalski,20078,False
ŁÓDZKIE,LdRadomsWIOSMRolna2,LdRadomsRoln,Radomsko-Rolna2,Radomsko,331,True
ŁÓDZKIE,LdRadomsWIOSASokola4,LdRadomsSoko,Radomsko-Sokola4,Radomsko,20080,False
ŁÓDZKIE,LdRawaMaWIOSMNiepodl,LdRawaNiepod,Rawa Mazowiecka-Niepodległości 8,Rawa Mazowiecka,20081,False
ŁÓDZKIE,LdSieradWSSEMGrunwal,LdSierGrunwa,Sieradz-Grunwaldzka 28,Sieradz,20082,False
ŁÓDZKIE,LdSkiernWIOSMKonopni,LdSkierKonop,Skierniewice-Marii Konopnickiej 5,Skierniewice,20083,False
ŁÓDZKIE,LdTomaszWIOSMSwAnton,LdToMaSwAnto,TomaszówMaz.-Św. Antoniego43,Tomaszów Mazowiecki,20084,False
ŁÓDZKIE,LdWielunWIOSMPOW,LdWieluPOW12,Wieluń-POW 12,Wieluń,20085,False
ŁÓDZKIE,LdZdWolaWIOSMKrolews,LdZduWoKrole,ZduńskaWola-Królewska10,Zduńska Wola,20086,False
ŁÓDZKIE,LdZgierzWIOSAMielcza,LdZgieMielcz,Zgierz-Śródmieście,Zgierz,355,True
LUBUSKIE,LuGorzowWIOS_AUT,LuGorzKosGdy,Gorzów Wlkp. ul. Kosynierów Gdyńskich,Gorzów Wielkopolski,361,True
LUBUSKIE,LuGorzowWIOS_MAN,LuGorzPilsud,Gorzów Wlkp. ul. Piłsudskiego,Gorzów Wielkopolski,20089,False
LUBUSKIE,LuSmobytWIOS_AUT,LuSmolBytnic,Smolary Bytnickie,Smolary Bytnickie,374,True
LUBUSKIE,LuSulecWIOS_MOB,LuSulecDudka,Sulęcin ul. Dudka,Sulęcin,376,True
LUBUSKIE,LuWschowWIOS_AUT,LuWsKaziWiel,Wschowa ul. Kazimierza Wielkiego,Wschowa,379,True
LUBUSKIE,LuZaryWIOS_AUT,LuZarySzyman,"Żary, ul. Szymanowskiego 8",Żary,382,True
LUBUSKIE,LuZgoraWIOS_AUT,LuZielKrotka,Zielona Góra ul. Krótka,Zielona Góra,387,True
MAŁOPOLSKIE,MpBochniWIOSKBar0106,MpBochKonfed,"Bochnia, ul. Konfederatów Barskich",Bochnia,20095,False
MAŁOPOLSKIE,MpBukownWIOSKole1206,MpBukowKolejMOB,Bukowno,Bukowno,20096,False
MAŁOPOLSKIE,MpGorlicWIOSKras0511,MpGorlKrasin,"Gorlice, ul. Krasińskiego",Gorlice,20097,False
MAŁOPOLSKIE,MpKetyWIOSWysp1304,MpKetyWyspiaMOB,"Kęty, ul. Wyspiańskiego",Kęty,20098,False
MAŁOPOLSKIE,MpKrakowWIOSAKra6117,MpKrakAlKras,"Kraków, Aleja Krasińskiego",Kraków,400,True
MAŁOPOLSKIE,MpKrakowWIOSBuja6119,MpKrakBujaka,"Kraków, ul. Bujaka",Kraków,401,True
MAŁOPOLSKIE,MpKrakowWIOSBulw6118,MpKrakBulwar,"Kraków, ul. Bulwarowa",Kraków,402,True
MAŁOPOLSKIE,MpLimanoWIOSMBBo0706,MpLimanoBoleMOB,"Limanowa, ul. Matki Bożej Bolesnej",Limanowa,20102,False
MAŁOPOLSKIE,MpMyslenWIOSRyne0907,MpMysleRynekMOB,"Myślenice, Rynek",Myślenice,20103,False
MAŁOPOLSKIE,MpWielicWIOSNiep1904,MpNiepo3Maja,"Niepołomice, ul. 3 Maja",Niepołomice,20104,False
MAŁOPOLSKIE,MpNSaczWIOSNadb6205,MpNoSaczNadb,"Nowy Sącz, ul. Nadbrzeżna",Nowy Sącz,426,True
MAŁOPOLSKIE,MpOlkuszWIOSNull1205,MpOlkuFrNull,"Olkusz, ul. Francesco Nullo",Olkusz,20106,False
MAŁOPOLSKIE,MpSkawinWIOSOsie0606,MpSkawOsOgro,"Skawina, os. Ogrody",Skawina,437,True
MAŁOPOLSKIE,MpSlomniWIOSWoln0611,MpSlomWolnosMOB,"Słomniki, ul. Wolności",Słomniki,20108,False
MAŁOPOLSKIE,MpSuchaBWIOSSemi1513,MpSuchSemika,"Sucha Beskidzka, ul. Semika",Sucha Beskidzka,20109,False
MAŁOPOLSKIE,MpSzarowWIOS1909,MpSzarowSpok,"Szarów, ul. Spokojna",Szarów,9179,True
MAŁOPOLSKIE,MpSzczawWIOSSzal1116,MpSzczawJanaMOB,"Szczawnica, ul. Jana Wiktora",Szczawnica,20111,False
MAŁOPOLSKIE,MpSzymbaWIOS0507,MpSzymbaGorl,Szymbark,Szymbark,443,True
MAŁOPOLSKIE,MpTarnowWIOSBitw6304,MpTarBitStud,"Tarnów, ul. Bitwy pod Studziankami",Tarnów,444,True
MAŁOPOLSKIE,MpTrzebiWIOSZWM0305,MpTrzebOsZWM,"Trzebinia, os. Związku Walki Młodych",Trzebinia,449,True
MAŁOPOLSKIE,MpTuchowWIOSSzop1602,MpTuchChopin,"Tuchów, ul. Chopina",Tuchów,20115,False
MAŁOPOLSKIE,MpZakopaWIOSRown1701,MpZakopaSien,"Zakopane, ul. Sienkiewicza",Zakopane,459,True
MAZOWIECKIE,MzBelskIGFPAN,MzBelsIGFPAN,Belsk-IGFPAN,Belsk Duży,460,True
MAZOWIECKIE,MzGranicaKPN,MzGranicaKPN,Granica-KPN,Granica,466,True
MAZOWIECKIE,MzLegionZegIMGW,MzLegZegrzyn,Legionowo-Zegrzyńska,Legionowo,471,True
MAZOWIECKIE,MzMlawaOrdona,MzMlawOrdona,Mława-Ordona,Mława,20120,False
MAZOWIECKIE,MzOstrolHallera,MzOstroHalle,Ostrołęka-Hallera,Ostrołęka,20121,False
MAZOWIECKIE,MzOtwockBrzoz,MzOtwoBrzozo,Otwock-Brzozowa,Otwock,485,True
MAZOWIECKIE,MzPiastowPulask,MzPiasPulask,Piastów-Pułaskiego,Piastów,488,True
MAZOWIECKIE,MzPlockPKN,MzPlocKroJad,Płock-Gimnazjum,Płock,497,True
MAZOWIECKIE,MzPlockReja,MzPlocMiReja,Płock-Reja,Płock,501,True
MAZOWIECKIE,MzRadomCz,MzRad25Czerw,Radom-Czerwca,Radom,20126,False
MAZOWIECKIE,MzRadomHallera,MzRadHallera,Radom-Hallera,Radom,20127,False
MAZOWIECKIE,MzRadomTochter,MzRadTochter,Radom-Tochtermana,Radom,515,True
MAZOWIECKIE,MzSiedlceKonar,MzSiedKonars,Siedlce-Konarskiego,Siedlce,517,True
MAZOWIECKIE,MzWarszAKrzywon,MzWarAKrzywo,Warszawa-Anieli Krzywoń,Warszawa,20130,False
MAZOWIECKIE,MzWarNiepodKom,MzWarAlNiepo,Warszawa-Komunikacyjna,Warszawa,530,True
MAZOWIECKIE,MzWarTarKondra,MzWarKondrat,Warszawa-Targówek,Warszawa,552,True
MAZOWIECKIE,MzWarszMarsz,MzWarMarszal,Warszawa-Marszałkowska,Warszawa,20133,False
MAZOWIECKIE,MzWarPodIMGW,MzWarPodlesn,Warszawa-Podleśna,Warszawa,531,True
MAZOWIECKIE,MzWarszPorajow,MzWarPorajow,Warszawa-Porajów,Warszawa,20135,False
MAZOWIECKIE,MzWarszPuszSolska,MzWarPuszSol,Warszawa-Puszczy Solskiej,Warszawa,20136,False
MAZOWIECKIE,MzWarszBielany,MzWarTolstoj,Warszawa-Tołstoja,Warszawa,538,True
MAZOWIECKIE,MzWarszUrsynow,MzWarWokalna,Warszawa-Ursynów,Warszawa,550,True
MAZOWIECKIE,MzZyrardRoosevel,MzZyraRoosev,Żyrardów-Roosevelta,Żyrardów,562,True
OPOLSKIE,OpGlub1pyl,OpGlubKochan,Głubczyce manualna 1,Głubczyce,20140,False
OPOLSKIE,OpKkozle1a,OpKKozBSmial,K-Koźle automat 1,Kędzierzyn-Koźle,568,True
OPOLSKIE,OpKlucz2pyl,OpKluczMicki,Kluczbork manualna 2,Kluczbork,20142,False
OPOLSKIE,OpNysa3pyl,OpNysaRodzie,Nysa manualna 3,Nysa,20143,False
OPOLSKIE,OpOlesno4a,OpOlesSlowac,Olesno automat 4,Olesno,584,True
OPOLSKIE,OpOpole3a,OpOpoleMinor,Opole automat 3,Opole,20145,False
OPOLSKIE,OpOpole4pyl,OpOpoleOsAKr,Opole manualna 4,Opole,590,True
OPOLSKIE,OpZdze2a,OpZdziePiast,Zdzieszowice automat 2,Zdzieszowice,600,True
PODLASKIE,PdBialyPodmiejska,PdBialPulPie,Białystok-Podmiejska,Białystok,20148,False
PODLASKIE,PdBialyWarszawska,PdBialWarsza,Białystok-Warszawska,Białystok,609,True
PODLASKIE,PdBialyMiejska,PdBialWaszyn,Białystok-Miejska,Białystok,605,True
PODLASKIE,PdBorsuWiejska,PdBorsukowiz,Borsukowizna-Wiejska,Borsukowizna,612,True
PODLASKIE,PdLomzaSikorskiego,PdLomSikorsk,Lomza Sikorskiego 48/94,Łomża,618,True
PODLASKIE,PdSuwPulaski,PdSuwPulaski,"Suwałki, ul. Pułaskiego 73",Suwałki,20153,False
PODKARPACKIE,PkDebicaWIOSGrottgera,PkDebiGrottg,Dębica-Grottgera-WIOS,Dębica,9173,True
PODKARPACKIE,PkJarosWIOSPWSTE,PkJarosPruch,Jarosław-PWSTE-WIOS,Jarosław,631,True
PODKARPACKIE,PkJasloWIOSSikorskiego,PkJasloSikor,Jaslo-Sikorskiego-WIOS,Jasło,638,True
PODKARPACKIE,PkKrempnaWIOSMPN,PkKrempnaMPN,Krempna-MPN-WIOS,Krempna,9175,True
PODKARPACKIE,PkKrosnoWIOSKletowki,PkKrosKletow,Krosno-Kletówki,Krosno,20158,False
PODKARPACKIE,PkMielecWIOSSolskiego,PkMielSolski,Mielec-MOSIR-WIOS,Mielec,20159,False
PODKARPACKIE,PkMielWIOSZarzStr,PkMielZaStre,Mielec - Zarząd Strefy,Mielec,20160,False
PODKARPACKIE,PkNiskoWIOSSzklar,PkNiskoSzkla,Nisko-Szklarniowa-WIOS,Nisko,659,True
PODKARPACKIE,PkPrzemyslWIOSGrunw,PkPrzemGrunw,Przemysl-Grunwaldzka-WIOS,Przemyśl,665,True
PODKARPACKIE,PkRzeszWIOSNoweMiasto,PkRzeszRejta,Rzeszów-Nowe Miasto,Rzeszów,671,True
PODKARPACKIE,PkSanokWIOSSadowa,PkSanoSadowa,Sanok-Sadowa-WIOS,Sanok,20164,False
PODKARPACKIE,PkTarnobWIOSDabrow,PkTarnDabrow,Tarnobrzeg-M.Dabrowskiej-WIOS,Tarnobrzeg,20165,False
POMORSKIE,Pm.D,PmGac,WIOŚ Gać - Słowiński Park Narodowy,Gać,20166,False
POMORSKIE,Pm.00.s481m,PmGdaGleboka,WIOŚ Gdańsk - Głęboka,Gdańsk,20167,False
POMORSKIE,Pm.a02a,PmGdaKacze02,AM2 Gdańsk Stogi,Gdańsk,730,True
POMORSKIE,Pm.aw08m,PmGdaLecz08m,WIOŚ Gdańsk - Leczkowa,Gdańsk,20169,False
POMORSKIE,Pm.a08a,PmGdaLeczk08,AM8 Gdańsk Wrzeszcz,Gdańsk,736,True
POMORSKIE,Pm.a05a,PmGdaOstrz05,AM5 Gdańsk Szadółki,Gdańsk,733,True
POMORSKIE,Pm.a01a,PmGdaPoWie01,AM1 Gdańsk Śródmieście,Gdańsk,729,True
POMORSKIE,Pm.01w.02m,PmGdaPowWiel,Zaspa,Gdańsk,20173,False
POMORSKIE,Pm.a03a,PmGdaWyzwo03,AM3 Gdańsk Nowy Port,Gdańsk,731,True
POMORSKIE,Pm.00.w237m,PmGdyJozBema,WIOŚ Gdynia - Bema,Gdynia,20175,False
POMORSKIE,Pm.a04a,PmGdyPoreb04,AM4 Gdynia Pogórze,Gdynia,732,True
POMORSKIE,Pm.a09aN,PmGdySzaf09N,AM9 Gdynia Dąbrowa,Gdynia,738,True
POMORSKIE,Pm.a10a,PmGdyWendy10,AM10 Gdynia Śródmieście,Gdynia,739,True
POMORSKIE,Pm05KARTw01m,PmKartWejher,WIOŚ Kartuzy,Kartuzy,20179,False
POMORSKIE,Pm.AM12.a,PmKosTargo12,AM12 Kościerzyna Targowa,Kościerzyna,740,True
POMORSKIE,Pm.Kwidz.Sport.m,PmKwiSportow,WIOŚ Kwidzyn - Sportowa,Kwidzyn,20181,False
POMORSKIE,Pm08LEBAiEMEPa,PmLebaRabkaE,IMGW Łeba - Rąbka,Łeba,750,True
POMORSKIE,Pm.AM16.a,PmLebMalcz16,AM16 Lębork Malczewskiego,Lębork,742,True
POMORSKIE,Pm.AM17.a,PmLinieKos17,AM17 Liniewko Kościerskie,Liniewko Kościerskie,743,True
POMORSKIE,Pm.AM15.a,PmMalMicki15,AM15 Malbork Mickiewicza,Malbork,741,True
POMORSKIE,Pm.63.wDSAa,PmSlupKniazi,AM11 Słupsk Kniaziewicza,Słupsk,725,True
POMORSKIE,Pm.63.wDSPm,PmSlupOrzesz,WIOŚ Słupsk Orzeszkowej,Słupsk,20187,False
POMORSKIE,Pm.a06a,PmSopBitPl06,AM6 Sopot,Sopot,734,True
POMORSKIE,Pm.polpharma.01.a,PmStaGdaLubi,POLPHARMA Starogard Gdański - Lubichowska,Starogard Gdański,20189,False
POMORSKIE,Pm.a07a,PmTczeTarg07,AM7 Tczew,Tczew,20190,False
POMORSKIE,Pm.15.s129m,PmWejhPlWejh,WIOŚ Wejherowo - Jakuba Wejhera,Wejherowo,20191,False
POMORSKIE,Pm11WLADw07m,PmWladywHallera,WIOŚ Władysławowo - Hallera,Władysławowo,20192,False
ŚWIĘTOKRZYSKIE,SkBuskoWios2,SkBuskRokosz,"WIOŚ, Busko zdrój, ul. Rokosza",Busko-Zdrój,20193,False
ŚWIĘTOKRZYSKIE,SkKielJagielWios,SkKielJagiel,"WIOS Kielce, ul. Jagiellońska",Kielce,20194,False
ŚWIĘTOKRZYSKIE,SkKielKusoc,SkKielKusoci,"WIOŚ Kielce, ul. Kusocińskiego",Kielce,20195,False
ŚWIĘTOKRZYSKIE,SkMalogCemen3,SkMalo11List,"Małogoszcz, ul. 11 Listopada",Małogoszcz,20196,False
ŚWIĘTOKRZYSKIE,SkNowinyCemen2,SkNowiParkow,"Nowiny, ul. Parkowa",Nowiny,769,True
ŚWIĘTOKRZYSKIE,SkOzarowOsWz52,SkOzarOsWzgo,Ożarów Os. Wzgórze 52,Ożarów,20198,False
ŚWIĘTOKRZYSKIE,SkPolanRuszcz,SkPolaRuszcz,"Połaniec, ul. Ruszczańska",Połaniec,778,True
ŚWIĘTOKRZYSKIE,SkStaracZlota2,SkStaraZlota,"WIOŚ, Starachowice, ul. Złota",Starachowice,20200,False
ŚWIĘTOKRZYSKIE,SkSwKrzyzZM,SkSwietKrzyz,Stacja Monitoringu UH-P w Kielcach,Święty Krzyż,20201,False
ŚWIĘTOKRZYSKIE,SkPolanTrzc,SkTrzciOsiek,Trzcianka,Trzcianka,20202,False
ŚLĄSKIE,SlBielbBiel_kossa,SlBielKossak,Bielsko B._kossak-WIOŚ,Bielsko-Biała,20203,False
ŚLĄSKIE,SlBielbBiel_stern,SlBielSterni,Bielsko-Biała_sternicza,Bielsko-Biała,20204,False
ŚLĄSKIE,SlCieszCies_13mic,SlCiesMickie,Cieszyn_mickiewi13-WIOŚ,Cieszyn,20205,False
ŚLĄSKIE,SlCzerKopaln,SlCzerKopaln,Czerwionka Leszczyny Kopalniana,Czerwionka-Leszczyny,20206,False
ŚLĄSKIE,SlCzestCzes_arkr1,SlCzestoArmK,Częstochowa_armiikrajowej - WIOŚ,Częstochowa,20207,False
ŚLĄSKIE,SlCzestCzes_baczy,SlCzestoBacz,Częstochowa_bacz-WIOŚ,Częstochowa,20208,False
ŚLĄSKIE,SlCzestCzes_zana6,SlCzestoZana,Czestochowa_zana-WIOŚ,Częstochowa,20209,False
ŚLĄSKIE,SlDabroDabr_1000L,SlDabro1000L,DąbGór._1000-lecia-WIOŚ,Dąbrowa Górnicza,20210,False
ŚLĄSKIE,SlGliwiGliw_mewy,SlGliwicMewy,Gliwice_mewy-WIOŚ,Gliwice,20211,False
ŚLĄSKIE,SlGodowWodz_wodzi,SlGodGliniki,Godów manualny - WIOŚ,Godów,20212,False
ŚLĄSKIE,SlKatowKato_kossu,SlKatoKossut,Katowice_kossu-WIOŚ,Katowice,20213,False
ŚLĄSKIE,SlKatowKato_aleja,SlKatoPlebA4,Katowice_komunikacyjna-WIOŚ,Katowice,20214,False
ŚLĄSKIE,SlKnuroKnu1_gliwi,SlKnurJedNar,Knurów _jedności narod. - WIOŚ,Knurów,20215,False
ŚLĄSKIE,SlLubliLubl_piask,SlLublPiasko,Lubliniec_piaskowa,Lubliniec,20216,False
ŚLĄSKIE,SlMyszkMysz_myszk,SlMyszMiedzi,Myszków_miedziana,Myszków,20217,False
ŚLĄSKIE,SlPszczPszc_boged,SlPszczBoged,Pszczyna_bogedaina- WIOŚ,Pszczyna,20218,False
ŚLĄSKIE,SlRybniRybn_borki,SlRybniBorki,Rybnik_borki-WIOŚ,Rybnik,20219,False
ŚLĄSKIE,SlSosnoSosn_lubel,SlSosnoLubel,Sosnowiec_lubelska -WIOŚ,Sosnowiec,20220,False
ŚLĄSKIE,SlTarnoTarn_litew,SlTarnoLitew,Tarnowskie Góry_litewska-WIOŚ,Tarnowskie Góry,20221,False
ŚLĄSKIE,SlTychyTych_tolst,SlTychyTolst,Tychy_tołstoja-WIOŚ,Tychy,20222,False
ŚLĄSKIE,SlUstroCies_sana7,SlUstronSana,Ustroń_sanatoryjna 7,Ustroń,20223,False
ŚLĄSKIE,SlWodziWodz_galcz,SlWodzGalczy,Wodzisław_Gałczyńskiego-WIOŚ,Wodzisław Śląski,20224,False
ŚLĄSKIE,SlZabrzZabr_sklod,SlZabSkloCur,Zabrze_skłod-WIOŚ,Zabrze,20225,False
ŚLĄSKIE,SlZawieZawi_zawie,SlZawSkloCur,Zawiercie_skłod-curie- WIOŚ,Zawiercie,20226,False
ŚLĄSKIE,SlZlotyJano_lesni,SlZlotPotLes,Złoty Potok gm. Janów (automat),Złoty Potok,20227,False
ŚLĄSKIE,SlZoryzZory_sikor,SlZorySikors,Żory_os.Sikorskiego-WIOŚ,Żory,20228,False
ŚLĄSKIE,SlZywieZywi_koper,SlZywieKoper,Żywiec_kopernika-WIOŚ,Żywiec,20229,False
ŚLĄSKIE,SlZywieZywi_slowa,SlZywieSlowa,Żywiec-słowackiego-WIOŚ,Żywiec,20230,False
WARMIŃSKO-MAZURSKIE,WmElblagWIOS_Bazynsk,WmElbBazynsk,WIOŚ Elbląg ul. Bażyńskiego,Elbląg,861,True
WARMIŃSKO-MAZURSKIE,WmGoldapWIOS_Jacwies,WmGoldJacwie,WIOŚ Gołdap ul. Jaćwieska,Gołdap,870,True
WARMIŃSKO-MAZURSKIE,WmIlawaAnd,WmIlawAnders,WIOŚ Iława ul.Andersa,Iława,20233,False
WARMIŃSKO-MAZURSKIE,WmMragowWIOS_Parkowa,WmMragParkow,WIOŚ Mrągowo ul. Parkowa,Mrągowo,20234,False
WARMIŃSKO-MAZURSKIE,WmNidzicaWIOS_Traugut,WmNiTraugutt,WIOŚ Nidzica ul.Traugutta,Nidzica,20235,False
WARMIŃSKO-MAZURSKIE,WmOlsztyWIOS_Puszkin,WmOlsPuszkin,WIOŚ Olsztyn ul. Puszkina,Olsztyn,877,True
WARMIŃSKO-MAZURSKIE,WmOstrodWIOS_Chrobre,WmOstrChrobr,WIOŚ Ostróda ul. Chrobrego,Ostróda,20237,False
WARMIŃSKO-MAZURSKIE,WmPuszcz_IOS_Borecka,WmPuszczaBor,KMŚ Puszcza Borecka,Diabla Góra,882,True
WIELKOPOLSKIE,WpWKP011/10,WpBoroDrapal,WKPBorowiec,Borówiec,20239,False
WIELKOPOLSKIE,WpGnieznoPM10/11,WpGniePaczko,"Gniezno, ul. Paczkowskiego",Gniezno,20240,False
WIELKOPOLSKIE,WpWKPKalisz007/10,WpKaliSawick,WKPKalisz,Kalisz,20241,False
WIELKOPOLSKIE,WpKonin311009D009102,WpKoniWyszyn,"Konin, ul. Wyszyńskiego 3a",Konin,20242,False
WIELKOPOLSKIE,WpLesznoPM10/11,WpLeszKiepur,WpLesznoPM10/11,Leszno,20243,False
WIELKOPOLSKIE,WpNowyTomyslPM10/11,WpNoTomSzpit,WpNowyTomyslPM10/11,Nowy Tomyśl,20244,False
WIELKOPOLSKIE,WpOstrowWlkpPM10,WpOstWieWyso,"Ostrow Wlkp., ul. Wysocka 57",Ostrów Wielkopolski,20245,False
WIELKOPOLSKIE,WpWKP004,WpPiaskiKrzy,WKPKrzyzowka,Krzyżówka,20246,False
WIELKOPOLSKIE,WpPila5710111,WpPilaKusoci,"Pila, ul. Kusocinkiego",Piła,920,True
WIELKOPOLSKIE,WpPleszewPM10/14,WpPleszAlMic,WpPleszew,Pleszew,20248,False
WIELKOPOLSKIE,WpPoznanPOSIRPM10/11,WpPoznChwial,WpPoznanPOSIRPM10/11,Poznań,20249,False
WIELKOPOLSKIE,WpWKP002,WpPoznDabrow,WKPPoznan 2,Poznań,20250,False
WIELKOPOLSKIE,WpWKP001,WpPoznPolank,WKPPoznan1,Poznań,20251,False
WIELKOPOLSKIE,WpPoznanSzymanowskiego17,WpPoznSzyman,"Poznan, ul. Szymanowskiego 17",Poznań,20252,False
WIELKOPOLSKIE,WpTarnowoPodgornePM10/10,WpTarPodZach,WpTarnowoPodgornePM10/10,Tarnowo Podgórne,20253,False
WIELKOPOLSKIE,WpWagrowiecPM10/10,WpWagrowLipo,WpWagrowiecPM10/10,Wągrowiec,20254,False
ZACHODNIOPOMORSKIE,ZpKoszalin005,ZpKoszArKraj,Koszalin_ArmiiKrajowej,Koszalin,966,True
ZACHODNIOPOMORSKIE,ZpKoszalin006,ZpKoszSpasow,Koszalin_Spasowskiego,Koszalin,20256,False
ZACHODNIOPOMORSKIE,ZpMysMysliborz007,ZpMyslZaBram,Myślibórz_ZaBramką,Myślibórz,20257,False
ZACHODNIOPOMORSKIE,ZpSzczecin001,ZpSzczAndr01,Szczecin_Andrzejewskiego,Szczecin,986,True
ZACHODNIOPOMORSKIE,ZpSzcSzczecinek008,ZpSzczec1Maj,Szczecinek_1Maja,Szczecinek,20259,False
ZACHODNIOPOMORSKIE,ZpSzcSzczecinek010,ZpSzczecPrze,Szczecinek_Przemysłowa,Szczecinek,983,True
ZACHODNIOPOMORSKIE,ZpSzczecin004,ZpSzczLacz04,Szczecin_Łączna,Szczecin,20261,False
ZACHODNIOPOMORSKIE,ZpSzczecin002,ZpSzczPils02,Szczecin_Piłsudskiego,Szczecin,987,True
ZACHODNIOPOMORSKIE,ZpGryfWiduchowa003,ZpWiduBulRyb,Widuchowa,Widuchowa,961,True
,,,Duszniki-Zdrój,Duszniki-Zdrój,10093,True
,,,Jawor,Jawor,10095,True
,,,Nowa Ruda - Jeziorna,Nowa Ruda,11254,True
,,,Lubań - Mieszka II,Lubań,11414,True
,,,Bydgoszcz Warszawska,Bydgoszcz,158,True
,,,"Nowa Sól, ul. T. Kościuszki",Nowa Sól,11295,True
,,,Łódź-Jana Pawła II 15,Łódź,10058,True
,,,Konstancin-Jeziorna-Wierzejewskiego,Konstancin-Jeziorna,10434,True
,,,Mińsk Mazowiecki-Kazikowskiego,Mińsk Mazowiecki,10974,True
,,,Opole automat 5,Opole,10374,True
,,,Prudnik mobilna,Prudnik,11399,True
,,,Rzeszów-Piłsudskiego,Rzeszów,10125,True
,,,WIOŚ Ełk,Ełk,10005,True
,,,WIOŚ Ostróda Piłsudskiego,Ostróda,10030,True
,,,WIOŚ Gołdap-Uzdrowisko,Gołdap,11357,True
,,,Poznan-Polanka,Poznań,943,True
,,,Poznan-Dabrowskiego,Poznań,944,True
,,,Poznań - RatajeMOB,Poznań,11477,True
,,,Kalisz-Wyszynskiego,Kalisz,952,True
,,,Konin-Wyszynskiego,Konin,902,True
,,,Piaski-Krzyzowka,Krzyżówka,946,True
,,,Borowiec-Drapalka,Borówiec,950,True
,,,Kozieglowy-os.Lesne,Koziegłowy,10834,True
,,,Szczecin_Budzysza Wosia,Szczecin,11654,True
,,,Koszalin_Chopina,Koszalin,11336,True
,,,"Dąbrowa Górnicza, ul. Tysiąclecia 25a",Dąbrowa Górnicza,805,True
,,,"Gliwice, ul. Mewy 34",Gliwice,809,True
,,,"Katowice, ul. Plebiscytowa/A4",Katowice,813,True
,,,"Katowice, ul. Kossutha 6",Katowice,814,True
,,,"Sosnowiec, ul. Lubelska 51",Sosnowiec,837,True
,,,"Tychy, ul. Tołstoja 1",Tychy,841,True
,,,"Zabrze, ul. M. Curie-Skłodowskiej 34",Zabrze,848,True
,,,"Rybnik, ul. Borki 37 d",Rybnik,834,True
,,,"Żory, Os. Gen. Władysława Sikorskiego 52_(2)",Żory,10554,True
,,,"Bielsko-Biała, ul. Kossak-Szczuckiej 19",Bielsko-Biała,789,True
,,,"Bielsko-Biała, ul.Partyzantów",Bielsko-Biała,10158,True
,,,"Częstochowa, ul. AK/Jana Pawła II",Częstochowa,798,True
,,,"Częstochowa, ul. Baczyńskiego 2",Częstochowa,800,True
,,,"Cieszyn, ul. Mickiewicza 13",Cieszyn,795,True
,,,"Ustroń, ul. Sanatoryjna 7",Ustroń,842,True
,,,"Wodzisław Śląski, ul. Gałczyńskiego 1",Wodzisław Śląski,845,True
,,,"Złoty Potok, Leśniczówka",Złoty Potok,853,True
,,,"Żywiec, ul. Kopernika  83 a",Żywiec,856,True
,,,"Czerwionka-Leszczyny, ul. Kopalniana",Czerwionka-Leszczyny,9000,True
,,,"Lubliniec, ul. ks. Szymały",Lubliniec,11278,True
,,,"Kielce, ul. Targowa",Kielce,11195,True
,,,"Starachowice, ul. Złota",Starachowice,785,True
,,,"Skarżysko-Kamienna, MOBILNA",Skarżysko-Kamienna,10443,True
,,,"Małogoszcz, ul. Słoneczna",Małogoszcz,10794,True
,,,"Kraków, ul. Dietla",Kraków,10121,True
,,,"Kraków, ul. Złoty Róg",Kraków,10123,True
,,,"Kraków, os. Piastów",Kraków,10139,True
,,,"Kraków, os. Wadów",Kraków,10447,True
,,,"Kraków, os. Swoszowice",Kraków,11303,True
,,,"Tarnów, ul. Ks. Romana Sitko",Tarnów,10120,True
,,,Rymanów-Zdrój-Samorząd,Rymanów-Zdrój,10414,True
,,,Mielec-Biernackiego-WIOS,Mielec,10438,True
,,,Horyniec-Zdrój-Park,Horyniec-Zdrój,11279,True
,,,Augustów - mobilne ,Augustów,10054,True
,,,"Suwałki, ul. Pułaskiego 26",Suwałki,11154,True
,,,Kaszów,Kaszów,10119,True
,,,"Sucha Beskidzka, ul. Nieszczyńskiej",Sucha Beskidzka,10124,True
,,,"Nowy Targ, Plac Słowackiego",Nowy Targ,10254,True
,,,Warszawa-Chrościckiego,Warszawa,10955,True
,,,Warszawa-Bajkowa,Warszawa,10956,True
,,,Airponter Wieniec Zdrój,Wieniec-Zdrój,9776,True
,,,BiałaP-Orzechowa,Biała Podlaska,236,True
,,,Puławy ul. Karpińskiego,Puławy,9593,True
,,,Florianka RPN,Florianka,10874,True
,,,Chełm ul.Połaniecka,Chełm,11360,True
,,,NałęczówMOB,Nałęczów,11362,True
,,,"Włocławek, ul. Kaliska",Włocławek,9791,True
